objectid,pcon16cd,pcon16nm,bng_e,bng_n,long,lat,st_areashape,st_lengthshape
1,E14000530,Aldershot,484884,155126,-0.7841,51.28895187,52978751.9110245,36261.4072516633
2,E14000531,Aldridge-Brownhills,404723,302568,-1.93166006,52.62086868,42857272.0356538,33431.1047726832
3,E14000532,Altrincham and Sale West,374132,389051,-2.39049006,53.3976593,53374642.205386,38251.2827800238
4,E14000533,Amber Valley,440478,349675,-1.39769995,53.04283142,127875025.210918,50232.2581830386
5,E14000534,Arundel and South Downs,510689,115542,-0.42631,50.92871094,647329682.28954,188575.899194497
6,E14000535,Ashfield,450035,355939,-1.25419998,53.09833145,107242176.573255,52507.8714408343
7,E14000536,Ashford,595733,138824,0.79516703,51.11526108,506490482.409188,126064.464737767
8,E14000537,Ashton-under-Lyne,392394,399819,-2.11611009,53.49502945,29072308.1719291,29491.0376070755
9,E14000538,Aylesbury,482160,199541,-0.81282997,51.68862152,186271485.91255,117427.278642681
10,E14000539,Banbury,441108,233685,-1.40260005,52.00009918,466678951.032409,160510.878114408
11,E14000540,Barking,546099,184533,0.105346,51.54079056,20203252.4145678,23102.190336014
12,E14000541,Barnsley Central,433719,408537,-1.49228001,53.57236862,48020932.1796409,38923.3739390559
13,E14000542,Barnsley East,439730,404883,-1.40198004,53.53910828,86357349.1902602,50100.0860949459
14,E14000543,Barrow and Furness,325384,484663,-3.14672995,54.25218964,281217715.75367,143541.417354942
15,E14000544,Basildon and Billericay,569070,192467,0.440099,51.60565948,62768225.3929149,33368.8136005504
16,E14000545,Basingstoke,465234,151979,-1.06641996,51.26324081,58460891.2198693,41291.4107065786
34,E14000563,"Birmingham, Hodge Hill",410878,287656,-1.84123003,52.48672867,20134075.2634349,26381.8325121384
17,E14000546,Bassetlaw,469769,385126,-0.95315999,53.35842896,479335809.673172,123851.559345767
18,E14000547,Bath,374693,164413,-2.36499,51.37818909,29055666.5100385,25159.5084245163
19,E14000548,Batley and Spen,420570,425305,-1.68973994,53.7237587,53223025.8676067,38159.6808117515
20,E14000549,Battersea,527493,175641,-0.16599999,51.46538162,11211459.0706278,17810.1457356829
21,E14000550,Beaconsfield,498198,185455,-0.58484,51.55944061,175929435.607931,89663.9719229973
22,E14000551,Beckenham,540141,167041,0.012564,51.38512039,35235062.8180949,28755.4093251964
23,E14000552,Bedford,505470,248675,-0.46072,52.12633896,34007566.8621925,29164.3536340087
24,E14000553,Bermondsey and Old Southwark,533846,178919,-0.07335,51.4933815,10910830.2416196,16734.1574336087
25,E14000554,Berwick-upon-Tweed,404456,611882,-1.93120003,55.40085983,2387620565.41022,300212.995201794
26,E14000555,Bethnal Green and Bow,535339,182777,-0.05038,51.52769089,9528737.06402021,13550.2591779248
27,E14000556,Beverley and Holderness,523478,430751,-0.12853,53.75851059,779966722.147848,185381.618992471
28,E14000557,Bexhill and Battle,572483,119019,0.453915,50.94480133,529666131.671241,144860.459679296
29,E14000558,Bexleyheath and Crayford,549971,175943,0.157489,51.46258926,23890916.2727107,21577.4493291073
30,E14000559,Birkenhead,330482,388287,-3.04668999,53.38684082,24202385.334431,20997.1938882112
31,E14000560,"Birmingham, Edgbaston",402500,283463,-1.96463001,52.44913101,28580277.9106664,24893.8974478504
32,E14000561,"Birmingham, Erdington",410573,292673,-1.84555995,52.53182983,21838574.7615935,21613.7285478991
33,E14000562,"Birmingham, Hall Green",408501,282513,-1.87636006,52.44052887,19026127.684103,21637.5474146312
35,E14000564,"Birmingham, Ladywood",407075,288133,-1.89722002,52.49108124,24816068.0560861,30953.1250829887
36,E14000565,"Birmingham, Northfield",401888,279459,-1.97365999,52.41313934,25492538.0852334,27636.1628321568
37,E14000566,"Birmingham, Perry Barr",406035,291868,-1.91246998,52.52466965,26110414.2741138,25473.1799535552
38,E14000567,"Birmingham, Selly Oak",406396,280770,-1.90735996,52.42488861,21495606.9311966,25781.5648375227
39,E14000568,"Birmingham, Yardley",412993,284792,-1.81018996,52.46092987,21135231.5162275,24428.0145279179
40,E14000569,Bishop Auckland,400989,521813,-1.98620999,54.59151077,921872907.141177,175677.268144418
41,E14000570,Blackburn,367090,427991,-2.50049996,53.74726105,39690914.8460344,26861.7581946793
42,E14000571,Blackley and Broughton,384164,401961,-2.2402699,53.51409912,27340508.1083253,29224.56273164
43,E14000572,Blackpool North and Cleveleys,333059,443882,-3.01992989,53.88679123,25210375.7059596,29401.6909459689
44,E14000573,Blackpool South,332763,433883,-3.02223992,53.7969017,21875348.0006699,20788.6800700771
45,E14000574,Blaydon,417664,559658,-1.72588003,54.93130112,112188852.089838,60204.4348967573
46,E14000575,Blyth Valley,428115,577679,-1.56103003,55.09275055,71359452.9296028,38068.5389861508
47,E14000576,Bognor Regis and Littlehampton,494562,100500,-0.65960002,50.79634857,62917635.7127106,45906.7258818547
48,E14000577,Bolsover,447998,366869,-1.28298998,53.19675827,226755322.47315,98958.3016016772
49,E14000578,Bolton North East,372934,412475,-2.41053009,53.60813904,34588238.3324316,29449.0394245331
50,E14000579,Bolton South East,371679,406344,-2.42894006,53.55297089,36929416.6144247,30643.3966263281
51,E14000580,Bolton West,364518,408253,-2.53724003,53.5696907,72805711.1317046,45063.1900549589
52,E14000581,Bootle,333951,397251,-2.99641991,53.46784973,26109240.3269738,22135.4117711549
53,E14000582,Boston and Skegness,537976,351211,0.056495,53.04040146,708405033.559961,157469.547986621
54,E14000583,Bosworth,439538,301379,-1.41754997,52.60876846,292239507.780104,92814.3515287727
55,E14000584,Bournemouth East,411614,93655,-1.83675003,50.74237061,26552627.5072413,31096.8096168485
56,E14000585,Bournemouth West,406759,94023,-1.90555,50.74576187,27356772.3975902,24277.9541945573
57,E14000586,Bracknell,483647,165246,-0.79947001,51.38011169,73794701.5284889,41652.5524083708
58,E14000587,Bradford East,417427,433388,-1.73692,53.79652023,27631525.4982127,30267.0747953633
59,E14000588,Bradford South,415841,429295,-1.76119995,53.75978088,44875219.1290717,47713.0279157439
60,E14000589,Bradford West,412492,433844,-1.81182003,53.80075836,35822495.8403916,31864.2943719702
61,E14000590,Braintree,577253,232650,0.57864898,51.96406937,464805000.789815,113399.287641312
62,E14000591,Brent Central,521541,185236,-0.24833,51.55292892,19164370.6318257,22111.1860715064
63,E14000592,Brent North,518094,186649,-0.29754999,51.56636047,19954313.1941326,24297.9711247798
64,E14000593,Brentford and Isleworth,516568,177052,-0.32273,51.48041916,27260014.5054541,33537.2585100823
65,E14000594,Brentwood and Ongar,556779,200101,0.26618099,51.67779922,315691507.026079,86188.0205249043
66,E14000595,Bridgwater and West Somerset,302014,136702,-3.40143991,51.12118912,1085932739.31545,223808.134171536
67,E14000596,Brigg and Goole,476705,409463,-0.84302998,53.5761795,639497390.387929,185041.214028301
68,E14000597,"Brighton, Kemptown",534575,104472,-0.09068,50.82415009,39023906.5722624,38229.7287020675
69,E14000598,"Brighton, Pavilion",531231,107528,-0.13704,50.85237885,29386804.7798899,30129.6640604712
70,E14000599,Bristol East,362430,172547,-2.54204011,51.45064926,23072014.2346767,28082.8257937903
71,E14000600,Bristol North West,355048,178219,-2.64898992,51.50109863,46856951.54312,46073.5339900839
72,E14000601,Bristol South,358409,169601,-2.59956002,51.42388153,25224763.2891203,19741.8387554271
73,E14000602,Bristol West,359407,174253,-2.58574009,51.46577835,17043760.4769381,16873.5244598239
74,E14000603,Broadland,617274,321242,1.21757698,52.74512863,764898896.965226,238444.165218165
75,E14000604,Bromley and Chislehurst,542971,170358,0.054539,51.4142189,28267650.3004173,31219.3633353151
76,E14000605,Bromsgrove,399840,273736,-2.0037601,52.36169052,217804076.163313,90652.4626572226
77,E14000606,Broxbourne,534218,205427,-0.05786,51.73149872,67727792.573266,43176.9311850871
78,E14000607,Broxtowe,450754,346085,-1.24501002,53.00968933,65130004.5252507,46657.2358979012
79,E14000608,Buckingham,477472,222419,-0.87553,51.89495087,868902444.518323,211181.896092896
80,E14000609,Burnley,384886,430882,-2.23079991,53.7740593,112948464.251769,48938.7609963917
81,E14000610,Burton,404391,334740,-1.93614995,52.91007996,244954719.888664,126627.727628715
82,E14000611,Bury North,379312,413522,-2.31420994,53.61783981,51201191.7979926,36143.9129881909
83,E14000612,Bury South,380354,406519,-2.29801011,53.55493927,49249325.4408925,38981.9218176952
84,E14000613,Bury St Edmunds,594529,264764,0.84811902,52.24668121,504334132.146126,146789.149281474
85,E14000614,Calder Valley,403388,423842,-1.95014,53.71099854,308780535.324109,105900.502873508
86,E14000615,Camberwell and Peckham,533978,176264,-0.07246,51.46949005,12334504.3968829,16764.8329471168
87,E14000616,Camborne and Redruth,171361,37224,-5.20457983,50.19078064,283200505.235481,108460.579071482
88,E14000617,Cambridge,545420,257901,0.126436,52.20016861,36567950.3624791,33764.1011252515
89,E14000618,Cannock Chase,401261,311553,-1.98276997,52.70166016,79383361.1147969,41976.8011270476
90,E14000619,Canterbury,615361,155814,1.08536196,51.26079178,248300537.000148,95109.2547983645
91,E14000620,Carlisle,339781,552314,-2.9396801,54.86196899,213726389.518537,97847.3948592484
92,E14000621,Carshalton and Wallington,528288,163524,-0.15894,51.3563118,26070232.8374947,25046.9017947945
93,E14000622,Castle Point,579490,187921,0.58808398,51.56159973,44126948.3861685,41298.1521365849
94,E14000623,Central Devon,272816,92580,-3.80304003,50.7188797,1413099239.87708,249793.252946927
95,E14000624,Central Suffolk and North Ipswich,619438,262142,1.21070504,52.21377945,793994854.327972,159004.916393282
96,E14000625,Charnwood,458723,311183,-1.13252997,52.69517136,171738996.139636,100295.802542964
97,E14000626,Chatham and Aylesford,574815,163047,0.50843298,51.33963013,62277306.124079,51351.5749305432
98,E14000627,Cheadle,387557,385611,-2.1884501,53.36722946,40364805.7411907,32754.5921751038
99,E14000628,Chelmsford,571558,205432,0.482346,51.7213707,41168825.2910317,32465.575677186
100,E14000629,Chelsea and Fulham,525982,177080,-0.18723001,51.47864914,8740082.29123851,13945.5646500691
101,E14000630,Cheltenham,394670,221154,-2.07884002,51.88891983,37144088.3492277,27447.0953546606
102,E14000631,Chesham and Amersham,495432,198692,-0.62111998,51.67890167,196151646.708604,71724.0853064912
103,E14000632,Chesterfield,440100,372487,-1.40050006,53.24790955,47048397.1842732,36094.6820012058
136,E14000665,Devizes,413665,161526,-1.80514002,51.35263824,1027412033.57697,173883.671423933
104,E14000633,Chichester,490172,116639,-0.71789998,50.94213867,619524297.988099,191202.245377092
105,E14000634,Chingford and Woodford Green,538751,192824,0.002733,51.61714172,19789750.7229882,19354.7665315355
106,E14000635,Chippenham,385912,164688,-2.20380998,51.38106155,167863454.85641,74553.1357601099
107,E14000636,Chipping Barnet,525721,194354,-0.18481,51.63394928,34727270.2513866,31495.7751890778
108,E14000637,Chorley,358735,418081,-2.62585998,53.65758896,154545124.148079,64261.5273760857
109,E14000638,Christchurch,412843,100944,-1.81908,50.80789948,106227522.282124,70168.1718721736
110,E14000639,Cities of London and Westminster,528186,180101,-0.15441,51.50531006,17225474.1505107,23627.6124071738
111,E14000640,City of Chester,339234,361923,-2.91006994,53.15097046,132411052.713314,71999.0945475176
112,E14000641,City of Durham,427183,541519,-1.57903004,54.76787186,185936471.138682,84394.7062107022
113,E14000642,Clacton,618208,219640,1.16565704,51.83272934,130309437.769889,88003.2436276231
114,E14000643,Cleethorpes,516863,415672,-0.23449001,53.62456894,327288524.960015,134326.009357568
115,E14000644,Colchester,599674,224891,0.90007699,51.8868103,44300941.0528185,29081.3511371096
116,E14000645,Colne Valley,408584,411123,-1.87177002,53.59661865,179620827.465419,64568.293877823
117,E14000646,Congleton,380524,363233,-2.29276991,53.16587067,212197542.574631,81791.7672114785
137,E14000666,Dewsbury,421195,414257,-1.68102002,53.62443161,126411999.612059,61905.7068395818
156,E14000685,Eastleigh,447457,116523,-1.32584,50.94618988,73001344.4005632,49968.6848181745
118,E14000647,Copeland,314472,504227,-3.31978989,54.4262619,1182204006.40977,191866.963897103
119,E14000648,Corby,496882,284831,-0.57574999,52.45286179,553779404.155806,137079.083963018
120,E14000649,Coventry North East,436254,281108,-1.46825004,52.42676926,26360256.3654627,24495.2477542566
121,E14000650,Coventry North West,430295,281733,-1.55581999,52.4327507,39939491.0671447,26680.2182122999
122,E14000651,Coventry South,432903,277293,-1.51789999,52.39268875,33603352.8371743,35628.1567221943
123,E14000652,Crawley,526390,137581,-0.19532999,51.12356949,47095409.9088543,33802.3395576454
124,E14000653,Crewe and Nantwich,371379,350813,-2.42844009,53.05381012,133786492.712593,51477.4760051839
125,E14000654,Croydon Central,535759,165277,-0.05104,51.37033081,25838456.2731997,24451.46051608
126,E14000655,Croydon North,532366,168762,-0.09846,51.40245056,17417799.4719247,16822.5559667375
127,E14000656,Croydon South,532475,160711,-0.09989,51.3300705,42509950.8886729,30900.804843824
128,E14000657,Dagenham and Rainham,551634,183167,0.184512,51.52706146,40406279.2984653,39719.1239478495
129,E14000658,Darlington,429096,515409,-1.55189002,54.53313065,30210055.6435609,25737.4517380092
130,E14000659,Dartford,556489,173122,0.24999499,51.43547821,85799031.628976,57013.2975930741
131,E14000660,Daventry,469194,268437,-0.98648,52.30971146,748538288.723655,173674.872164418
132,E14000661,Denton and Reddish,391356,394907,-2.13161993,53.45085907,25764687.8935493,31812.0123146265
133,E14000662,Derby North,432427,336128,-1.51912999,52.92161179,28267651.336982,29420.6147235987
134,E14000663,Derby South,436265,333095,-1.46238995,52.89410019,31207063.0465984,25134.8313231819
135,E14000664,Derbyshire Dales,420966,359002,-1.68812001,53.12778854,910811107.426816,201435.740170962
138,E14000667,Don Valley,460102,396080,-1.09630001,53.45806885,249108615.261991,105207.476518983
139,E14000668,Doncaster Central,460833,404244,-1.08371997,53.53136063,59095500.6401481,43343.9988175537
140,E14000669,Doncaster North,455325,408912,-1.16597998,53.5739212,258976495.495729,101815.050266483
141,E14000670,Dover,629114,147136,1.27660501,51.17752838,211475074.982,77738.4919588594
142,E14000671,Dudley North,392287,291911,-2.11509991,52.52502823,23235407.7388255,21815.5624883894
143,E14000672,Dudley South,391503,288292,-2.12655997,52.49248123,24419482.7708074,22215.3537669822
144,E14000673,Dulwich and West Norwood,532835,172745,-0.09023,51.43812943,14261172.9424493,17755.4898385044
145,E14000674,Ealing Central and Acton,519016,181119,-0.28613001,51.51646042,16794310.1202495,18930.2569771721
146,E14000675,Ealing North,513800,183124,-0.36061999,51.53556061,22621261.9448796,22222.507310224
147,E14000676,"Ealing, Southall",514022,180335,-0.35832,51.51044083,15049745.0287434,20826.4091781252
148,E14000677,Easington,441506,544447,-1.35600996,54.79320908,120857599.234084,58902.7853907421
149,E14000678,East Devon,305686,90923,-3.33714008,50.71025085,332395735.395708,82117.0430925779
150,E14000679,East Ham,542702,183073,0.055806,51.52854156,19077981.805201,24048.5778930926
151,E14000680,East Hampshire,474404,130897,-0.93936998,51.07257843,463518048.470739,107083.00345159
152,E14000681,East Surrey,535127,149673,-0.06601,51.23025131,260082425.592408,74785.3238588812
153,E14000682,East Worthing and Shoreham,516687,106109,-0.34401,50.84273911,55037196.9557149,38146.8954380934
154,E14000683,East Yorkshire,494376,455529,-0.56217003,53.98722076,1052686781.6974,213652.581395068
155,E14000684,Eastbourne,560044,100404,0.26886699,50.7811203,56528858.9607739,30759.5996357586
191,E14000720,Hackney North and Stoke Newington,533597,186241,-0.07416,51.5592308,9662812.93574099,13110.8319355357
157,E14000686,Eddisbury,355955,357876,-2.6595099,53.11624908,714522892.747266,165795.465941156
158,E14000687,Edmonton,534700,194035,-0.05527,51.62900925,20039081.64641,19787.7896110405
159,E14000688,Ellesmere Port and Neston,342023,374067,-2.87057996,53.26042938,117507072.434194,70241.4154296145
160,E14000689,Elmet and Rothwell,437927,442179,-1.42463005,53.87445068,246272209.897356,100499.744008771
161,E14000690,Eltham,542694,174625,0.052278,51.45262909,22059781.7869443,21427.1494734413
162,E14000691,Enfield North,533311,198224,-0.07373,51.66698074,38724848.8699437,30465.3674719757
163,E14000692,"Enfield, Southgate",529426,196196,-0.13063,51.64966965,24670200.2254925,31706.5797651391
164,E14000693,Epping Forest,542999,199636,0.066831,51.67729187,124548744.844893,60239.4399158435
165,E14000694,Epsom and Ewell,520890,161165,-0.26593,51.33673096,51117198.9362183,32422.1090543184
166,E14000695,Erewash,446887,337932,-1.30382001,52.93675995,61754132.4073934,43452.0730963107
167,E14000696,Erith and Thamesmead,547906,179127,0.129118,51.49174118,23443951.5733605,19725.3288386678
168,E14000697,Esher and Walton,513123,163563,-0.37661999,51.35987854,78538240.4556388,39386.4866441774
169,E14000698,Exeter,293158,92888,-3.51507998,50.72573853,37555304.3936432,28018.3321982471
170,E14000699,Fareham,455613,106747,-1.21124005,50.8575592,63084744.4313717,46404.9645693185
171,E14000700,Faversham and Mid Kent,589077,153142,0.70771301,51.24610138,389993586.74568,123481.47337862
172,E14000701,Feltham and Heston,510743,174852,-0.40727001,51.46181107,29654288.508982,30010.5009485989
173,E14000702,Filton and Bradley Stoke,359917,181651,-2.57924008,51.53232956,80051773.5421658,52699.9929935821
174,E14000703,Finchley and Golders Green,525192,189003,-0.19436,51.58597946,21445103.956652,21430.9941687207
192,E14000721,Hackney South and Shoreditch,534514,184214,-0.06172,51.54079819,10639018.5479031,17473.4944969498
175,E14000704,Folkestone and Hythe,610318,138086,1.00282395,51.10348129,437299303.701799,130830.144087354
176,E14000705,Forest of Dean,370366,223233,-2.4321599,51.90684128,615375552.630581,183306.694143713
177,E14000706,Fylde,340582,433974,-2.90356994,53.79867172,172732107.005135,72245.9812907188
178,E14000707,Gainsborough,499314,390326,-0.50774002,53.40044022,1205230946.06092,217864.268537773
179,E14000708,Garston and Halewood,343589,385827,-2.84921002,53.36629868,50813063.6508173,32857.7358123906
180,E14000709,Gateshead,426033,561058,-1.59514999,54.94350815,24980089.983714,24920.6486458812
181,E14000710,Gedling,462238,343793,-1.07431996,52.98788071,38842993.1617428,37459.1892233665
182,E14000711,Gillingham and Rainham,580021,165775,0.584472,51.36251068,29330588.6416354,25447.5098442677
183,E14000712,Gloucester,384048,216342,-2.23295999,51.84545135,38012840.0484612,28756.8691540011
184,E14000713,Gosport,458429,101452,-1.17207003,50.80966949,37304188.4363164,31433.6126497349
185,E14000714,Grantham and Stamford,502953,323566,-0.47439,52.79985046,682554709.860981,150081.925982007
186,E14000715,Gravesham,566969,169115,0.39874399,51.39649963,99284521.4498009,49767.4039931992
187,E14000716,Great Grimsby,526243,408047,-0.09582,53.55390167,28682880.5538517,25253.9827126448
188,E14000717,Great Yarmouth,646760,315882,1.64949596,52.68439865,180634872.036523,76381.8750309587
189,E14000718,Greenwich and Woolwich,541975,178075,0.043321,51.48381042,16308903.9225029,28284.4796132484
190,E14000719,Guildford,499332,149061,-0.57866001,51.23209,186120896.243102,96803.9306227228
193,E14000722,Halesowen and Rowley Regis,396407,285885,-2.05431008,52.47090149,28878187.6050139,26886.3756211852
194,E14000723,Halifax,408844,427072,-1.86739004,53.73997116,58230711.3245104,42792.3363797034
195,E14000724,Haltemprice and Howden,488260,432100,-0.66215003,53.77777863,436094359.506484,136792.275407068
196,E14000725,Halton,350931,385329,-2.73880005,53.36254883,52954035.5264148,47632.2675705373
197,E14000726,Hammersmith,523262,179604,-0.22549,51.50194168,13319917.5217684,15214.6745770954
198,E14000727,Hampstead and Kilburn,525224,184366,-0.19554999,51.54430008,13055073.2250436,18283.3861727969
199,E14000728,Harborough,467129,293798,-1.01169002,52.53792953,203725241.405548,87936.5580429768
200,E14000729,Harlow,544823,209764,0.097401,51.7678299,79158706.1979541,59641.3931435915
201,E14000730,Harrogate and Knaresborough,433778,459121,-1.48587,54.02698898,148789176.813999,69845.8129438423
202,E14000731,Harrow East,516589,191686,-0.31759,51.61193848,25918622.5966064,23279.6686390701
203,E14000732,Harrow West,514330,188003,-0.35139999,51.57929993,18256123.5567966,18845.9445316599
204,E14000733,Hartlepool,447157,531476,-1.27023005,54.67615891,96240015.0671291,50863.5056911547
205,E14000734,Harwich and North Essex,606257,226703,0.99667799,51.90068817,396199103.576867,173842.257738107
206,E14000735,Hastings and Rye,586062,116890,0.64591098,50.9214592,179439531.887046,83737.2129652214
207,E14000736,Havant,471155,107782,-0.99024999,50.8651619,48173965.68042,59416.6362980502
208,E14000737,Hayes and Harlington,508166,177727,-0.44347,51.48815155,45109615.7068338,30659.948259899
209,E14000738,Hazel Grove,395593,389164,-2.06773996,53.39928818,57230590.3133503,36576.3086239536
243,E14000772,Kingston upon Hull North,507982,431612,-0.36316001,53.76968002,25533175.3223535,26219.0675163299
210,E14000739,Hemel Hempstead,503880,211168,-0.49526,51.78953934,108176045.076272,58416.6979230393
211,E14000740,Hemsworth,440578,416338,-1.38769996,53.64199829,150112433.470416,63521.687888331
212,E14000741,Hendon,521216,191863,-0.25073001,51.61254883,31228793.8643058,27266.9800788698
213,E14000742,Henley,461998,194076,-1.10541999,51.6420784,681416410.237017,201985.008665845
214,E14000743,Hereford and South Herefordshire,342784,230969,-2.83435011,51.97423172,722892210.656119,179954.951986927
215,E14000744,Hertford and Stortford,540248,214919,0.033228,51.81531143,156074499.038819,75508.1869151947
216,E14000745,Hertsmere,519774,199352,-0.26899001,51.68016815,98413383.3826552,51593.062662787
217,E14000746,Hexham,390212,567671,-2.15456009,55.00350952,2431842566.45001,304892.566763843
218,E14000747,Heywood and Middleton,385746,412106,-2.21688008,53.60533142,71216063.0923482,46051.7910577344
219,E14000748,High Peak,410474,387660,-1.84397995,53.38568878,538854167.897248,134140.023871117
220,E14000749,Hitchin and Harpenden,517305,222266,-0.29695001,51.88661957,252660990.651403,115484.924709403
221,E14000750,Holborn and St Pancras,529119,183943,-0.13957,51.53961945,14398784.0146043,18197.174752057
222,E14000751,Hornchurch and Upminster,556974,186879,0.26308101,51.55894852,58391938.7323267,43667.6044940762
223,E14000752,Hornsey and Wood Green,529562,189749,-0.13104001,51.59170151,15531312.7104293,20140.4390406556
224,E14000753,Horsham,516728,128429,-0.33627999,51.04336166,344866507.020084,129796.172769372
225,E14000754,Houghton and Sunderland South,436071,550396,-1.43980002,54.84708023,66194487.8447337,37049.4128316996
226,E14000755,Hove,526925,107165,-0.1983,50.85007858,24706254.3160491,20049.0323281269
227,E14000756,Huddersfield,416063,417801,-1.75841999,53.65647125,46400445.4750003,32920.2240731495
228,E14000757,Huntingdon,518908,268395,-0.25759,52.3008194,332061156.251934,143959.435191563
229,E14000758,Hyndburn,374762,428561,-2.38421988,53.75281143,89602479.0274164,43899.6064961091
230,E14000759,Ilford North,544659,190971,0.087245,51.59901047,30178032.640113,25546.5800099862
231,E14000760,Ilford South,544661,186984,0.085632,51.56317902,15055303.9632428,17019.0387747922
232,E14000761,Ipswich,617201,244449,1.16672301,52.05583954,33488244.1732186,25340.9482215164
233,E14000762,Isle of Wight,447186,85950,-1.33361995,50.67129898,380548000.525636,107880.457689536
234,E14000763,Islington North,530598,186352,-0.11736,51.56092834,6720704.66627339,13339.0584169245
235,E14000764,Islington South and Finsbury,531411,183491,-0.1067,51.53503036,6623406.06968459,12818.724799419
236,E14000765,Jarrow,431908,562657,-1.50327003,54.9575386,47331749.1805457,35943.072315836
237,E14000766,Keighley,405387,444493,-1.91951001,53.89659119,167737652.107433,70196.6177372984
238,E14000767,Kenilworth and Southam,442375,260518,-1.38082004,52.24124146,621789127.988127,178050.051274229
239,E14000768,Kensington,525530,179388,-0.19291,51.49950027,7431736.92464361,15606.1841346342
240,E14000769,Kettering,483866,282852,-0.76773,52.43722916,235206971.443336,79997.893259677
241,E14000770,Kingston and Surbiton,519508,166863,-0.28385001,51.38822937,28829275.1977698,27522.5765622108
242,E14000771,Kingston upon Hull East,512460,431504,-0.29528999,53.76776886,28724862.676959,24697.2316007429
244,E14000773,Kingston upon Hull West and Hessle,507415,428279,-0.37292001,53.73984909,22580097.6581589,28822.4338768189
245,E14000774,Kingswood,367363,172198,-2.47101998,51.44781113,42734696.6366969,36985.6025422405
246,E14000775,Knowsley,343147,394435,-2.85739994,53.44361115,53580926.3441262,40155.9936885611
247,E14000776,Lancaster and Fleetwood,353827,456824,-2.70596004,54.00537109,438833538.118202,157301.706459814
248,E14000777,Leeds Central,431014,431345,-1.53085995,53.77753067,40685381.5895475,29393.2185289168
249,E14000778,Leeds East,435457,435028,-1.46301997,53.81034851,33767917.537345,29861.2831128474
250,E14000779,Leeds North East,430948,438845,-1.53111005,53.84494019,38887720.9359245,27259.8254466111
251,E14000780,Leeds North West,423969,440852,-1.63701999,53.86334991,60354578.0887637,48137.6167748086
252,E14000781,Leeds West,425371,433988,-1.61626995,53.80158997,31069385.422617,28992.9509711699
253,E14000782,Leicester East,461961,305445,-1.08570004,52.64323044,23079452.5695612,19780.6654827447
254,E14000783,Leicester South,458931,302341,-1.13102996,52.61566925,21679580.4642294,20078.5033300483
255,E14000784,Leicester West,456222,306111,-1.17039001,52.64984131,27670801.748968,23626.915221027
256,E14000785,Leigh,365379,399156,-2.52323008,53.48797989,67416548.5402054,44119.0393361962
257,E14000786,Lewes,545745,107945,0.069178,50.85266113,369582577.495008,123531.980550516
258,E14000787,Lewisham East,538644,173593,-0.00637,51.44435883,14598755.7013093,22831.724604073
259,E14000788,Lewisham West and Penge,536088,170861,-0.04418,51.42042923,15519034.6308206,19727.9059415031
260,E14000789,"Lewisham, Deptford",537339,175928,-0.02423,51.4656601,12265218.2434453,17300.8978468204
261,E14000790,Leyton and Wanstead,539833,187830,0.016364,51.5719986,15505688.7067046,16902.2627302811
262,E14000791,Lichfield,412225,317506,-1.82029998,52.75503922,328352728.699856,102428.97673847
263,E14000792,Lincoln,495467,370186,-0.57163,53.22018051,64155653.1786176,45697.8257726618
264,E14000793,"Liverpool, Riverside",336390,388230,-2.95785999,53.38708115,26179747.4143862,28230.7386014629
265,E14000794,"Liverpool, Walton",336910,394442,-2.95128989,53.44297028,18876598.3925959,24897.5930445699
266,E14000795,"Liverpool, Wavertree",339023,390195,-2.91865993,53.40504837,16660885.3269713,20037.5692599097
267,E14000796,"Liverpool, West Derby",339745,393988,-2.90853,53.43922043,20649047.1253962,22776.8066626876
268,E14000797,Loughborough,453785,319805,-1.20418,52.7731781,129183788.338736,66236.0694184541
269,E14000798,Louth and Horncastle,535171,382507,0.0279,53.32226181,1382069652.46182,203740.740810665
270,E14000799,Ludlow,350065,287901,-2.73678994,52.48674011,1549985242.75785,278838.572994253
271,E14000800,Luton North,507002,224395,-0.44591999,51.90782928,19390423.0561092,18943.2722484273
272,E14000801,Luton South,508555,220571,-0.42456001,51.87316132,54891769.2234431,33077.8171937458
273,E14000802,Macclesfield,390591,374746,-2.14252996,53.26963043,303225848.821092,79700.5555531915
274,E14000803,Maidenhead,484373,178129,-0.78596997,51.49581146,183901739.243546,74130.7205046305
275,E14000804,Maidstone and The Weald,575796,149220,0.515706,51.21511078,220555602.866039,99062.781064298
276,E14000805,Makerfield,358209,402916,-2.63178992,53.52125168,54965363.6569069,42614.9322168274
277,E14000806,Maldon,588678,201762,0.72793001,51.68291855,380490088.69359,166176.381150624
278,E14000807,Manchester Central,386354,398829,-2.20710993,53.48601151,28134363.8073397,29219.0859998593
279,E14000808,"Manchester, Gorton",386935,395086,-2.19819999,53.45238113,17791167.6437605,22544.560382924
280,E14000809,"Manchester, Withington",384007,392132,-2.24214005,53.42575073,18005606.3033028,22300.740018773
281,E14000810,Mansfield,455047,363637,-1.17804003,53.16703033,78367820.1568093,45444.4193315813
282,E14000811,Meon Valley,462539,119561,-1.11064994,50.97206879,402960926.665137,112368.453690723
283,E14000812,Meriden,418290,281451,-1.73240995,52.4307518,144498714.52123,81995.6056268378
284,E14000813,Mid Bedfordshire,504718,239346,-0.47455999,52.04264069,459042755.221596,138102.022890318
285,E14000814,Mid Derbyshire,439737,341743,-1.40972996,52.97158813,90297387.1976487,67770.8375109802
286,E14000815,Mid Dorset and North Poole,391551,94607,-2.12111998,50.75099182,175811422.954711,94672.4345260051
287,E14000816,Mid Norfolk,597388,311524,0.91756898,52.66550064,763105461.29789,145431.095180364
288,E14000817,Mid Sussex,527731,126921,-0.17994,51.02746964,187061627.35575,116270.119763168
289,E14000818,Mid Worcestershire,393275,253990,-2.09977007,52.18412018,438098191.452246,187813.40674809
290,E14000819,Middlesbrough,450286,518464,-1.22394001,54.55892944,29503243.8695093,27940.5319735969
291,E14000820,Middlesbrough South and East Cleveland,465116,516429,-0.99510998,54.5389595,200728696.761831,87025.3598934712
292,E14000821,Milton Keynes North,486764,246259,-0.73449999,52.10786819,227920048.913934,69607.8368896365
293,E14000822,Milton Keynes South,486551,236093,-0.74019003,52.01652908,81634285.4000372,53981.1004988568
294,E14000823,Mitcham and Morden,528027,168563,-0.16087,51.40164948,16726710.9481975,22375.4701308361
295,E14000824,Mole Valley,514427,147482,-0.36305001,51.21508026,369451497.581191,107363.467398237
296,E14000825,Morecambe and Lunesdale,353509,468965,-2.7126801,54.11444855,248927058.146286,116133.044815571
297,E14000826,Morley and Outwood,431161,425385,-1.52923,53.72396088,67428612.314136,50762.0210394523
298,E14000827,New Forest East,435181,105110,-1.50167,50.84444046,398325843.429789,104477.02535327
299,E14000828,New Forest West,418339,108094,-1.74073005,50.87205124,357208803.765624,139393.186541682
300,E14000829,Newark,475944,357675,-0.86691999,53.11088181,699015952.97363,175570.166848337
301,E14000830,Newbury,447318,172095,-1.32050002,51.44586945,596160639.148201,130152.810101685
302,E14000831,Newcastle upon Tyne Central,422342,565906,-1.65240002,54.98725128,23086059.5718382,20098.1236476366
303,E14000832,Newcastle upon Tyne East,427215,565674,-1.57626998,54.98492813,18835315.0510233,19387.3213321653
304,E14000833,Newcastle upon Tyne North,421039,569925,-1.67246997,55.02341843,71526105.8694988,46616.21493289
305,E14000834,Newcastle-under-Lyme,380356,348791,-2.29438996,53.03604126,82254474.9258932,44988.8285177012
306,E14000835,Newton Abbot,288933,74357,-3.56936002,50.55836868,204916603.615752,77054.2655772425
307,E14000836,"Normanton, Pontefract and Castleford",447021,422148,-1.28936994,53.69367981,86511866.6180967,56903.0321095167
329,E14000858,North West Leicestershire,439111,316252,-1.42209005,52.74250031,278883898.556485,95528.4954864967
379,E14000908,Rushcliffe,462332,332669,-1.07505,52.88788986,311219223.705464,94760.42107066
308,E14000837,North Cornwall,212024,78838,-4.65642023,50.57894135,1205131587.73229,252567.293477485
309,E14000838,North Devon,265110,132524,-3.92690992,51.07612991,1091327798.6156,200507.327417817
310,E14000839,North Dorset,390177,113279,-2.14109993,50.91886902,881973697.603552,179628.784281821
311,E14000840,North Durham,423154,551799,-1.64084005,54.86045074,105377482.776012,55624.2905452442
312,E14000841,North East Bedfordshire,509132,258803,-0.40399,52.2166481,537411699.494062,164622.198123474
313,E14000842,North East Cambridgeshire,537554,293446,0.025967,52.52154922,729905430.038168,166842.89959174
314,E14000843,North East Derbyshire,437369,365923,-1.44219005,53.1891098,228062518.231639,119122.277464736
315,E14000844,North East Hampshire,477217,151423,-0.89482999,51.2567482,402314265.843048,135471.80022186
316,E14000845,North East Hertfordshire,533034,227739,-0.06642,51.93227005,503368765.670638,136161.918623546
317,E14000846,North East Somerset,364116,161999,-2.51671004,51.35591125,321113755.728816,132104.579699587
430,E14000959,Spelthorne,507012,169622,-0.46254,51.41551971,52207022.1289279,34687.3715731289
318,E14000847,North Herefordshire,348792,251361,-2.74995995,52.15813828,1456985282.35382,286557.645263315
319,E14000848,North Norfolk,623473,330845,1.315804,52.82878876,725923505.517934,202507.250197041
320,E14000849,North Shropshire,349128,330083,-2.75711012,52.86582184,933132075.997091,218838.366898079
321,E14000850,North Somerset,347309,169216,-2.75913,51.41949081,229309395.340782,84043.0096203309
322,E14000851,North Swindon,417320,190622,-1.75124002,51.61415863,103431359.458031,50493.4277575231
323,E14000852,North Thanet,625041,165662,1.23007703,51.34545898,139801083.552407,67099.3357775821
324,E14000853,North Tyneside,429481,568918,-1.54052997,55.01395035,46323756.4910809,41105.8505530132
325,E14000854,North Warwickshire,424687,296012,-1.63724995,52.56140137,266578561.270368,117094.747421629
326,E14000855,North West Cambridgeshire,522387,289492,-0.1989,52.48963928,747961353.459493,196889.921328425
327,E14000856,North West Durham,404359,544374,-1.93373001,54.79423904,701159215.760423,166293.463278998
328,E14000857,North West Hampshire,446060,151304,-1.34129,51.25904083,588178833.807275,139435.162253256
330,E14000859,North West Norfolk,574445,328868,0.58789599,52.82912064,786052622.827093,181073.174857437
331,E14000860,North Wiltshire,396155,182656,-2.05682993,51.54278183,714183575.130933,175935.096287421
332,E14000861,Northampton North,477324,263094,-0.86848003,52.26060104,22063919.3097966,22053.9580640578
333,E14000862,Northampton South,480096,261363,-0.82828999,52.24464035,32245107.950596,35698.8141055215
334,E14000863,Norwich North,623503,311330,1.30297005,52.6536293,36060069.3340808,30309.6624058334
335,E14000864,Norwich South,621219,308012,1.26703894,52.62479019,30548836.6058268,68157.7177183917
336,E14000865,Nottingham East,458309,341526,-1.13325,52.96794891,18036183.4182851,20068.9636409317
337,E14000866,Nottingham North,454115,344384,-1.19520998,52.99406815,24340310.3967263,29941.7620721071
338,E14000867,Nottingham South,454681,339273,-1.18763995,52.94807816,33235647.6641216,33805.3472163336
339,E14000868,Nuneaton,431696,292172,-1.53422999,52.52651978,80732364.087014,48309.9975289475
340,E14000869,Old Bexley and Sidcup,548002,173628,0.128198,51.44231033,23608307.5907126,24257.2611584138
341,E14000870,Oldham East and Saddleworth,398906,408181,-2.01799011,53.57025146,103998797.86597,49727.6954337179
342,E14000871,Oldham West and Royton,390878,405957,-2.13913989,53.55017853,30517172.7793269,27642.2132634086
343,E14000872,Orpington,544861,162534,0.078513,51.34342957,79537853.8879411,49553.3205578613
344,E14000873,Oxford East,453747,205162,-1.22293997,51.74259186,31381847.9771577,25743.451474969
345,E14000874,Oxford West and Abingdon,447995,207687,-1.30589998,51.76580811,127142129.479217,68350.0726738162
346,E14000875,Pendle,387637,443368,-2.18956995,53.88636017,166912810.33913,66104.8786970871
347,E14000876,Penistone and Stocksbridge,423088,401791,-1.65330994,53.51231003,294345614.100428,87849.1058481177
348,E14000877,Penrith and The Border,356508,545631,-2.67810988,54.80366135,3122750481.36263,402494.09333459
349,E14000878,Peterborough,524756,303751,-0.15866999,52.61722183,173056941.452849,60695.9432133003
350,E14000879,"Plymouth, Moor View",248145,59475,-4.13878012,50.41543961,33742524.3836456,27503.624564458
351,E14000880,"Plymouth, Sutton and Devonport",247629,55529,-4.14444017,50.37984848,20813073.1960138,25897.3338003148
352,E14000881,Poole,403952,91153,-1.94536996,50.7199707,29822986.1871318,42135.1795523463
353,E14000882,Poplar and Limehouse,537808,180645,-0.01564,51.50793839,10382735.8661047,23574.012705523
354,E14000883,Portsmouth North,466078,105233,-1.06285,50.84283829,25920068.6211042,46158.832108608
355,E14000884,Portsmouth South,465420,99877,-1.07314003,50.79476166,13378870.1261629,17953.5491876413
356,E14000885,Preston,354517,430860,-2.69157004,53.77209091,27065217.3731637,28931.1363066377
357,E14000886,Pudsey,422501,438013,-1.65954995,53.83789825,54347263.8969386,53230.1022323836
358,E14000887,Putney,523535,174102,-0.22348,51.45243073,13367070.9884522,17076.3869317136
359,E14000888,Rayleigh and Wickford,584214,192879,0.65875798,51.60461044,115018569.950504,72944.9621962149
360,E14000889,Reading East,473252,173539,-0.94709003,51.45610046,27156638.1337754,35170.2231499428
361,E14000890,Reading West,467724,172897,-1.02675998,51.45101166,50108080.5010996,39584.6466168127
362,E14000891,Redcar,458878,521567,-1.09047997,54.58589172,72876101.363091,46922.2699457206
363,E14000892,Redditch,401238,258510,-1.98327994,52.22480011,149367983.080972,74818.2478752649
364,E14000893,Reigate,525733,152598,-0.19946,51.25867844,112671947.958788,57288.1497778547
365,E14000894,Ribble Valley,369878,446287,-2.46003008,53.91186142,635198236.894431,154318.704820229
366,E14000895,Richmond (Yorks),412781,495786,-1.80483997,54.35744858,2078915101.29406,322253.640865797
367,E14000896,Richmond Park,519834,173049,-0.27708,51.44375992,38129242.9457354,33386.1699864471
368,E14000897,Rochdale,392416,415285,-2.11615992,53.63404083,85524931.5885445,47046.3749473611
369,E14000898,Rochester and Strood,578207,175196,0.563173,51.44770813,147936249.420595,92782.1197904717
370,E14000899,Rochford and Southend East,591941,188292,0.767699,51.56084061,91647260.7171448,80792.4249323639
371,E14000900,Romford,551408,190670,0.184484,51.5945282,30737361.9708881,27512.2990007565
372,E14000901,Romsey and Southampton North,436034,128163,-1.48728001,51.05168152,422161040.620919,131524.760075061
373,E14000902,Rossendale and Darwen,372446,420955,-2.41865993,53.68432999,217164733.884931,104467.771046727
374,E14000903,Rother Valley,449699,386114,-1.25452995,53.36957932,167610475.573874,59687.1266114185
375,E14000904,Rotherham,442371,392231,-1.36382997,53.42518997,46184155.2898439,41841.9501856109
376,E14000905,Rugby,446258,281329,-1.3211,52.42800903,245282432.84499,74923.8830380705
377,E14000906,"Ruislip, Northwood and Pinner",508439,189155,-0.43601999,51.59082031,48392443.536577,35582.5091052079
378,E14000907,Runnymede and Weybridge,503012,166624,-0.52091002,51.38930893,96112702.4529381,47242.7598713156
431,E14000960,St Albans,514325,205423,-0.34577999,51.73587036,66725029.0640293,51595.0360985165
380,E14000909,Rutland and Melton,484648,311819,-0.74884999,52.69746017,1118734846.89877,186640.399959684
381,E14000910,Saffron Walden,559857,226819,0.32296699,51.91696167,798464390.774844,162309.413754199
382,E14000911,Salford and Eccles,379701,400390,-2.30747008,53.49982071,32513301.5158875,29097.5040909871
383,E14000912,Salisbury,412884,132088,-1.81740999,51.08795166,612459116.602897,158236.949983136
384,E14000913,Scarborough and Whitby,485778,506118,-0.67883003,54.44324875,733716563.185776,176288.497982811
385,E14000914,Scunthorpe,494110,405551,-0.58143002,53.53820038,180914771.274776,76869.1977458958
386,E14000915,Sedgefield,431052,526108,-1.52052999,54.62916183,365760836.435961,151956.08918056
387,E14000916,Sefton Central,331658,404014,-3.03242993,53.52833176,82378457.1482995,60534.8790695091
388,E14000917,Selby and Ainsty,449167,442159,-1.25370002,53.87332916,849648683.200732,223925.420330069
389,E14000918,Sevenoaks,552010,159916,0.17996199,51.31803894,247580121.633073,83083.3304178333
390,E14000919,Sheffield Central,435726,386662,-1.46445,53.37562943,20033168.3083619,26465.0383176913
391,E14000920,Sheffield South East,440551,388350,-1.39172006,53.39044952,45933037.3270342,42341.8995633703
392,E14000921,"Sheffield, Brightside and Hillsborough",435434,390928,-1.46836996,53.41399002,26127371.8605302,23329.7417756489
393,E14000922,"Sheffield, Hallam",426415,388888,-1.60422003,53.3961792,135919418.585788,64591.5651539211
394,E14000923,"Sheffield, Heeley",436622,384071,-1.45128,53.35227966,23984138.1803771,24375.7110697117
395,E14000924,Sherwood,460406,358481,-1.09886003,53.12010956,305960506.525695,109277.647756945
396,E14000925,Shipley,412611,439633,-1.80976999,53.85279083,93809482.8907733,66705.5568661676
397,E14000926,Shrewsbury and Atcham,346360,307551,-2.79452991,52.66302109,602866958.666212,132317.012419896
398,E14000927,Sittingbourne and Sheppey,587151,164862,0.68629003,51.35200882,240433561.861691,132253.371811895
399,E14000928,Skipton and Ripon,398261,462236,-2.02805996,54.05607986,2094577573.86648,290935.896596676
400,E14000929,Sleaford and North Hykeham,503640,352930,-0.45484,53.063591,1120416111.38199,185965.044076756
401,E14000930,Slough,496543,180461,-0.61008,51.51483154,26681529.4884002,27735.9505492428
402,E14000931,Solihull,413056,280069,-1.80944002,52.41846848,34739931.8058214,24994.8057689634
403,E14000932,Somerton and Frome,364633,137241,-2.50682998,51.1333313,950599658.251391,211598.247575917
404,E14000933,South Basildon and East Thurrock,568418,183317,0.426314,51.52365112,129751257.321881,66693.8472485643
414,E14000943,South Ribble,350238,421361,-2.75495005,53.68632889,198905698.370457,88990.3206466155
405,E14000934,South Cambridgeshire,537837,254678,0.014247,52.17316055,629035797.335913,183562.828004957
406,E14000935,South Derbyshire,431434,325365,-1.53494,52.82492065,336766737.389046,130230.079020434
407,E14000936,South Dorset,385852,85482,-2.20155001,50.66881943,370749996.538273,176405.707913481
408,E14000937,South East Cambridgeshire,553959,267334,0.25557199,52.2826004,749497821.535685,206689.834489685
409,E14000938,South East Cornwall,226464,62949,-4.44528008,50.44065094,727051863.56461,182031.778498984
410,E14000939,South Holland and The Deepings,532910,322822,-0.03061,52.78662872,784955800.200252,153716.156739178
411,E14000940,South Leicestershire,454415,290699,-1.19962001,52.51148987,284435638.092497,84095.413706282
412,E14000941,South Norfolk,629990,295823,1.38794196,52.51176071,792748397.587906,181245.999894845
413,E14000942,South Northamptonshire,463454,246589,-1.07474995,52.11399841,605585079.246763,191734.772071178
415,E14000944,South Shields,437206,564561,-1.42030001,54.97428131,24469646.6789363,33240.0292742615
416,E14000945,South Staffordshire,389625,306836,-2.15480995,52.65916061,278336664.081676,127886.274256093
417,E14000946,South Suffolk,599988,244681,0.91615701,52.06439972,648950157.926511,167171.151198256
418,E14000947,South Swindon,419067,181604,-1.72650003,51.53302002,124327234.554673,61419.6099022628
419,E14000948,South Thanet,628499,158405,1.27499902,51.27893829,128313343.394331,78011.3070819832
420,E14000949,South West Bedfordshire,498229,221850,-0.57413,51.88656998,122993249.03325,60180.3904655954
421,E14000950,South West Devon,258137,56608,-3.99714994,50.39216995,374864116.114027,110780.246405087
422,E14000951,South West Hertfordshire,499430,208327,-0.56057,51.76480865,173363082.295172,102742.670229622
423,E14000952,South West Norfolk,575310,297872,0.58423197,52.55046844,1307245673.21471,232185.445592632
424,E14000953,South West Surrey,492268,140635,-0.68197,51.15753174,257928430.284579,84711.1201097189
425,E14000954,South West Wiltshire,391047,139812,-2.12939,51.15747833,737950963.267845,150197.205521008
426,E14000955,"Southampton, Itchen",445458,112143,-1.35483003,50.90695953,22012038.7735538,29274.9138576201
427,E14000956,"Southampton, Test",440222,114130,-1.42908001,50.92522049,22649013.0718915,25625.0010045057
428,E14000957,Southend West,585151,187494,0.669438,51.55593872,18813147.0713893,17776.3345979371
429,E14000958,Southport,333085,415912,-3.01345992,53.63544083,46751455.6250621,35850.3798033723
432,E14000961,St Austell and Newquay,195455,57854,-4.87867022,50.38489914,395629326.043971,145532.570273849
433,E14000962,St Helens North,351263,398699,-2.73588991,53.48274994,84506027.9278069,51587.6086583798
434,E14000963,St Helens South and Whiston,351222,392412,-2.7355299,53.42623901,62702436.8962579,42505.4140988028
435,E14000964,St Ives,141322,26416,-5.61725998,50.0814209,527508482.092185,205085.66593904
436,E14000965,Stafford,391013,320185,-2.13466001,52.77917862,292008849.420377,116651.121516561
437,E14000966,Staffordshire Moorlands,400043,355243,-2.00079989,53.09440994,512463269.771689,125358.552633234
438,E14000967,Stalybridge and Hyde,398011,398062,-2.03143001,53.47929001,62987305.8574671,35580.8735082229
439,E14000968,Stevenage,524285,223238,-0.19523001,51.89384842,65083455.5067431,48358.4347705265
440,E14000969,Stockport,388819,390460,-2.16966009,53.41083908,21806373.4218226,27859.5360011817
441,E14000970,Stockton North,444937,523121,-1.30594003,54.60128021,119382740.89283,75136.9279024161
442,E14000971,Stockton South,443143,513821,-1.33506,54.51786041,86645787.4965269,56145.9834607079
443,E14000972,Stoke-on-Trent Central,389141,347318,-2.16333008,53.02305984,29576224.2110711,33583.4571759772
444,E14000973,Stoke-on-Trent North,387700,351970,-2.18499994,53.06483841,42432047.4035314,32919.8780766933
445,E14000974,Stoke-on-Trent South,390276,342227,-2.14626002,52.97731018,31872575.4767161,30823.5205489995
446,E14000975,Stone,388489,330561,-2.17245007,52.87240982,621171321.006848,197992.838037024
447,E14000976,Stourbridge,391209,284285,-2.13079,52.45645142,27154597.7890898,23948.1698121914
448,E14000977,Stratford-on-Avon,419834,253616,-1.71133006,52.18045044,670723042.072857,171863.619734471
449,E14000978,Streatham,530188,172431,-0.1284,51.43592072,10692952.7333976,16388.8413750043
450,E14000979,Stretford and Urmston,376790,394312,-2.35089993,53.44506836,44612659.3899168,33546.691578815
451,E14000980,Stroud,382161,205282,-2.25977993,51.74594879,398157990.67244,129262.662809649
452,E14000981,Suffolk Coastal,635965,249452,1.44335997,52.09307861,771239425.420152,196097.85241876
453,E14000982,Sunderland Central,438940,556531,-1.39428997,54.90200043,28789355.4266767,29984.8701627097
454,E14000983,Surrey Heath,493294,162147,-0.66170001,51.35074997,110572364.043616,62364.2074605276
455,E14000984,Sutton and Cheam,524746,164092,-0.20958,51.36220169,19226870.4148211,22141.7649863439
456,E14000985,Sutton Coldfield,412968,296625,-1.81009996,52.56731033,58398733.350307,36394.518276187
457,E14000986,Tamworth,416920,302985,-1.75146997,52.6243782,180014943.678199,81477.4132978902
458,E14000987,Tatton,372677,375936,-2.41123009,53.27970123,331643585.804084,105658.560575849
459,E14000988,Taunton Deane,318327,123470,-3.16542006,51.00479126,462699202.235436,132348.867590604
460,E14000989,Telford,369255,307882,-2.45605993,52.66778183,50844038.7455681,33742.8524889391
461,E14000990,Tewkesbury,395051,226279,-2.07337999,51.93500137,363964401.500903,145392.369939473
462,E14000991,The Cotswolds,407586,216304,-1.89127004,51.84529114,1243571716.86789,291458.941301122
463,E14000992,The Wrekin,369695,319172,-2.45059991,52.76929855,344863707.825458,127164.86305743
464,E14000993,Thirsk and Malton,465689,478532,-0.9946,54.19836044,2146199489.40214,302329.662307174
465,E14000994,Thornbury and Yate,369237,185199,-2.44519997,51.56481934,398190674.237563,115945.834896536
466,E14000995,Thurrock,559439,180025,0.29550999,51.49668121,68925604.9467847,47196.6040778562
467,E14000996,Tiverton and Honiton,312313,107480,-3.24726009,50.86014175,904939822.506023,180371.211756084
468,E14000997,Tonbridge and Malling,561918,151566,0.31823799,51.2402916,303534812.094995,108464.72135747
469,E14000998,Tooting,527687,172670,-0.16428,51.43864059,10763124.2985298,14175.0634935184
470,E14000999,Torbay,290905,64048,-3.53851008,50.46606064,36824318.585998,44089.6757019803
486,E14001015,Wantage,442287,190881,-1.39064002,51.61516953,586942080.717714,136294.134916456
487,E14001016,Warley,400825,287646,-1.98926997,52.48674011,19483039.6998912,19039.3251809803
471,E14001000,Torridge and West Devon,244314,100575,-4.20988989,50.78377914,1710658145.10875,337884.64049582
472,E14001001,Totnes,279926,51138,-3.6890099,50.34785843,576043899.662855,178074.171690673
473,E14001002,Tottenham,532898,189292,-0.08309,51.5868187,13371906.4155235,16826.2148032758
474,E14001003,Truro and Falmouth,182689,51267,-5.05418015,50.32117081,452022040.627041,160745.021479393
475,E14001004,Tunbridge Wells,566713,140725,0.38183999,51.14151001,245013361.871688,104707.900276721
476,E14001005,Twickenham,514896,171607,-0.34856999,51.43181992,28719717.874862,27317.6828755237
477,E14001006,Tynemouth,433254,571149,-1.48126996,55.03376007,37627322.2687189,31823.443058944
478,E14001007,Uxbridge and South Ruislip,508041,183856,-0.44339001,51.54327011,30294982.8856092,28030.8749301465
479,E14001008,Vauxhall,530310,176643,-0.1251,51.47375107,8144546.48149083,14716.9962500054
480,E14001009,Wakefield,430382,416329,-1.54191995,53.64260864,79623811.8135399,49212.5104320579
481,E14001010,Wallasey,326806,391347,-3.10265994,53.41384125,23887738.9189335,25181.3507508301
482,E14001011,Walsall North,399391,300845,-2.01042008,52.60540009,26720182.7040569,26741.664954185
483,E14001012,Walsall South,401479,297306,-1.97959995,52.5735817,33218522.8835622,34035.8586399501
484,E14001013,Walthamstow,537216,189197,-0.02084,51.58493042,15682037.2439093,17529.2609867826
485,E14001014,Wansbeck,423326,585770,-1.63540006,55.16569901,137760745.373941,65320.9013817826
488,E14001017,Warrington North,362731,392971,-2.5624001,53.43220901,89759245.1003635,52753.7384843908
489,E14001018,Warrington South,362664,384845,-2.56244993,53.35916901,89623846.0562409,55772.3622518514
490,E14001019,Warwick and Leamington,427748,263012,-1.59482002,52.26459122,88776687.2726044,50797.3870820114
491,E14001020,Washington and Sunderland West,431484,556783,-1.51052999,54.90478134,41811518.3599706,34819.7283132001
492,E14001021,Watford,509752,198347,-0.41420001,51.67317963,37936569.7364784,33014.6943430957
493,E14001022,Waveney,643591,289401,1.58327496,52.44823837,250354727.955802,113434.349531269
494,E14001023,Wealden,552834,124884,0.176907,51.00304031,574471846.741866,167847.971512133
495,E14001024,Weaver Vale,357932,378463,-2.63268995,53.30144882,166973760.637437,89729.7206567377
496,E14001025,Wellingborough,491876,265617,-0.65464997,52.28104019,168776126.873181,79267.5539016417
497,E14001026,Wells,349692,146261,-2.72162008,51.21331024,560463592.667904,139299.652288912
498,E14001027,Welwyn Hatfield,525345,208467,-0.18517999,51.76087189,114985976.617492,65799.825257501
499,E14001028,Wentworth and Dearne,442975,399603,-1.35373998,53.49140167,90317028.2241433,66652.9942755577
500,E14001029,West Bromwich East,402098,293072,-1.97048998,52.53551865,27215439.7726339,26418.2649629605
501,E14001030,West Bromwich West,397511,292210,-2.03811002,52.527771,29320811.8086691,27065.9284302398
502,E14001031,West Dorset,357765,99663,-2.60061002,50.79497147,1032014329.07331,226627.239273699
503,E14001032,West Ham,539774,183149,0.013655,51.52994919,17181763.2996604,17487.1186940679
504,E14001033,West Lancashire,342047,408082,-2.87649012,53.56613922,264099189.084539,85962.5829311707
505,E14001034,West Suffolk,580944,275380,0.65505701,52.34664917,818730518.595687,247319.410755607
506,E14001035,West Worcestershire,380454,250018,-2.28706002,52.14810944,710192946.644317,242894.941044901
507,E14001036,Westminster North,525949,182218,-0.18587001,51.52484131,7293533.58939631,13934.9771012005
508,E14001037,Westmorland and Lonsdale,352958,492385,-2.72478008,54.32485962,1356607075.6893,203799.705529895
509,E14001038,Weston-Super-Mare,338994,160991,-2.87728,51.3447113,143858584.382783,71610.3424956594
510,E14001039,Wigan,357776,408202,-2.63902998,53.5687294,60298937.9314099,33401.2524105548
511,E14001040,Wimbledon,524128,170000,-0.21639,51.41542816,20720737.5859593,17800.3577719848
512,E14001041,Winchester,451629,135559,-1.26374996,51.11698914,320276943.015733,107072.870937446
513,E14001042,Windsor,490470,171462,-0.69986999,51.43494034,147235506.83966,79489.3403828345
514,E14001043,Wirral South,330364,382283,-3.04713988,53.33287048,60679935.6922654,40666.8812965991
515,E14001044,Wirral West,324738,386733,-3.13265991,53.37208939,48228578.6568699,30064.0873534848
516,E14001045,Witham,586792,214917,0.70773798,51.80168915,374407261.352256,121646.158432469
517,E14001046,Witney,434343,215816,-1.50292003,51.83990097,714031191.634398,132248.869045766
518,E14001047,Woking,496149,155762,-0.62243998,51.29288101,96098397.011285,58313.9050305025
519,E14001048,Wokingham,470404,168144,-0.98913997,51.40795898,155635556.269125,74066.1613469182
520,E14001049,Wolverhampton North East,393362,301509,-2.09945011,52.61132813,23786306.3587174,23336.209744702
521,E14001050,Wolverhampton South East,393533,296490,-2.09682989,52.5662117,24642313.4617064,21430.8447468786
522,E14001051,Wolverhampton South West,389010,298671,-2.16363001,52.58573914,22950002.3641123,21461.2735904925
523,E14001052,Worcester,385725,255196,-2.2102499,52.1948204,34532078.5961343,23906.9715878609
524,E14001053,Workington,317334,543173,-3.28667998,54.77664185,678745523.524017,193974.115324776
525,E14001054,Worsley and Eccles South,372907,399589,-2.40982008,53.49232101,61654951.2543539,45531.5951765472
526,E14001055,Worthing West,511068,104626,-0.42423001,50.83050919,29150914.3037358,33959.4139920323
527,E14001056,Wycombe,479280,190191,-0.85659999,51.60498047,142631292.066322,68384.654932419
528,E14001057,Wyre and Preston North,351597,440598,-2.73740005,53.8593483,267480358.609352,113283.99123507
529,E14001058,Wyre Forest,384106,276388,-2.23494005,52.38529968,196196712.266203,82043.4434343403
530,E14001059,Wythenshawe and Sale East,380730,389917,-2.29132009,53.4057312,35095104.6731649,34158.1319390329
531,E14001060,Yeovil,340522,114840,-2.84770989,50.9299202,401954705.00153,119478.560306649
532,E14001061,York Central,459887,451276,-1.08889997,53.95412827,23993378.189078,26252.430551373
533,E14001062,York Outer,461058,457909,-1.06973004,54.0135994,250775478.874045,111169.380041546
534,S14000001,Aberdeen North,389796,808947,-2.17038012,57.17123032,47458082.522807,43096.913506683
535,S14000002,Aberdeen South,384133,802600,-2.26362991,57.11405182,83122515.5770322,58288.1375242056
536,S14000003,Airdrie and Shotts,283330,662650,-3.86474991,55.84289932,230365861.696508,78050.6295181907
537,S14000004,Angus,344353,761976,-2.91144991,56.74605942,1984263595.93109,240534.074705756
538,S14000005,Argyll and Bute,200740,715442,-5.22113991,56.28942871,6966916811.59702,2136785.95766346
539,S14000006,"Ayr, Carrick and Cumnock",238951,603944,-4.53852987,55.30316925,1626792549.35011,246315.549810041
540,S14000007,Banff and Buchan,386375,849383,-2.2292099,57.53435898,1590442569.36482,223041.249478854
541,S14000008,"Berwickshire, Roxburgh and Selkirk",356199,624537,-2.69513988,55.51261139,3842831503.09202,389032.467097412
546,S14000013,Dumfries and Galloway,252742,567858,-4.30275011,54.98348999,3992582803.60585,518120.180439154
542,S14000009,"Caithness, Sutherland and Easter Ross",258617,918473,-4.40269995,58.13249969,8622933534.95009,870245.459502184
543,S14000010,Central Ayrshire,238948,628173,-4.55256987,55.5206604,233017144.232967,98250.5893735884
544,S14000011,"Coatbridge, Chryston and Bellshill",269133,669782,-4.09475994,55.90328979,80450870.9290055,59017.4727089319
545,S14000012,"Cumbernauld, Kilsyth and Kirkintilloch East",268306,677738,-4.1118598,55.97449875,190435992.38098,86864.2394391517
562,S14000029,Glasgow Central,257847,663263,-4.27169991,55.84157181,20952351.1016562,24672.1569634176
547,S14000014,"Dumfriesshire, Clydesdale and Tweeddale",305399,610681,-3.49460006,55.38095093,4297340601.26748,445871.155827021
548,S14000015,Dundee East,347896,736729,-2.8484199,56.51969147,151636325.658518,66116.8888980623
549,S14000016,Dundee West,333100,735387,-3.08850002,56.50576019,116677083.129829,53716.8561305946
550,S14000017,Dunfermline and West Fife,304851,688767,-3.53045011,56.0821991,226354011.039703,82409.9235868825
551,S14000018,East Dunbartonshire,256840,674119,-4.29350996,55.93872833,85554599.4132619,55944.8569540938
552,S14000019,"East Kilbride, Strathaven and Lesmahagow",268907,644910,-4.08639002,55.67990875,407851741.416947,126174.5948852
553,S14000020,East Lothian,354854,672351,-2.72434998,55.94207001,679523633.059401,138416.811145706
554,S14000021,East Renfrewshire,251929,653115,-4.36059999,55.74868011,175642689.829474,75221.5174153725
555,S14000022,Edinburgh East,328720,672753,-3.14277005,55.9425087,25264248.6687359,23529.7283406693
556,S14000023,Edinburgh North and Leith,324819,675786,-3.20605993,55.96915054,19402528.9527413,21903.3428287141
557,S14000024,Edinburgh South,326643,669657,-3.17516994,55.91437912,28885750.2997809,23194.1925648789
558,S14000025,Edinburgh South West,318312,666474,-3.30746007,55.88444901,90280459.1457094,51199.8611767756
559,S14000026,Edinburgh West,316926,673573,-3.33178997,55.94797134,98448648.0085823,53796.6340497296
560,S14000027,Na h-Eileanan an Iar,126473,932862,-6.65721989,58.19937897,3031178961.29932,1511311.97110554
561,S14000028,Falkirk,283492,683752,-3.87127995,56.03242874,178996030.316555,83641.8476092916
563,S14000030,Glasgow East,265327,664585,-4.15299988,55.85557938,39882448.8535805,30783.4289602035
564,S14000031,Glasgow North,256777,668773,-4.29167986,55.89072037,17239606.0346931,21648.1045703217
565,S14000032,Glasgow North East,261760,668310,-4.21184015,55.88801956,28027099.8155307,25640.4117213067
566,S14000033,Glasgow North West,253175,669165,-4.34943008,55.89315033,18600056.9021059,20428.4812906141
567,S14000034,Glasgow South,258684,660035,-4.25665998,55.81283188,25223626.6179098,27056.0015744543
568,S14000035,Glasgow South West,253614,663773,-4.33950996,55.84487915,26761256.2089603,26102.7811684661
569,S14000036,Glenrothes,328253,698904,-3.15725994,56.17734146,176440527.474417,69104.0667442794
570,S14000037,Gordon,370511,829595,-2.49175,57.35586166,1519021289.51593,276733.25116591
571,S14000038,Inverclyde,227922,670899,-4.75387001,55.90034866,162792567.67556,61757.8345784458
572,S14000039,"Inverness, Nairn, Badenoch and Strathspey",263458,814404,-4.26163006,57.19998932,4936301045.17241,393715.897583148
573,S14000040,Kilmarnock and Loudoun,255398,633167,-4.2948699,55.57064056,706905071.215213,176627.356166673
574,S14000041,Kirkcaldy and Cowdenbeath,322259,690504,-3.2513299,56.10094833,147507920.467173,82302.7807287531
575,S14000042,Lanark and Hamilton East,290722,650833,-3.74201989,55.73851013,366351335.664517,123550.905658946
631,W07000079,Cardiff West,312437,178939,-3.26293993,51.50257111,51829773.3724465,35025.0448783436
576,S14000043,Linlithgow and East Falkirk,292663,672963,-3.7198801,55.93769073,277274209.922232,117623.77908635
577,S14000044,Livingston,302051,663045,-3.56606007,55.85062027,270773362.932489,96093.2909730215
578,S14000045,Midlothian,330088,659217,-3.1173799,55.82110977,354670953.739384,110254.80126579
579,S14000046,Moray,328024,843593,-3.20186996,57.47682953,2251432564.92764,333492.983659975
580,S14000047,Motherwell and Wishaw,277792,656049,-3.95017004,55.78224945,56966329.6542335,37649.0416768375
581,S14000048,North Ayrshire and Arran,195921,636363,-5.23905993,55.57804108,807779853.574374,216071.785480417
582,S14000049,North East Fife,338928,714312,-2.98890996,56.31724167,771457807.676684,149350.858109824
583,S14000050,Ochil and South Perthshire,293171,714167,-3.72827005,56.30783081,1722939630.50327,247138.825385904
584,S14000051,Orkney and Shetland,434516,0,-1.37344003,60.50495148,2385467681.86735,1833604.64668603
585,S14000052,Paisley and Renfrewshire North,243336,668523,-4.50622988,55.88428116,131857239.988098,55942.2426339257
586,S14000053,Paisley and Renfrewshire South,239382,660301,-4.56450987,55.80918121,138424846.287085,70379.4723421186
596,W07000044,Wrexham,336339,353957,-2.95177007,53.07904053,102989219.057588,48485.6444066689
587,S14000054,Perth and North Perthshire,282156,752482,-3.9235301,56.64923859,3828185772.99368,398257.123837151
588,S14000055,"Ross, Skye and Lochaber",211302,834601,-5.13901997,57.36264038,12570052838.083,2203393.02133966
589,S14000056,Rutherglen and Hamilton West,268594,657784,-4.09755993,55.7954216,51485128.9223819,45762.8180868786
590,S14000057,Stirling,255980,708769,-4.32595015,56.24953079,2258862611.31579,287450.177104806
591,S14000058,West Aberdeenshire and Kincardine,342584,792624,-2.94729996,57.02112961,3267065071.80512,399281.069971022
592,S14000059,West Dunbartonshire,242904,681587,-4.52074003,56.00141144,179431831.335996,73471.4934605626
593,W07000041,Ynys Mon,245222,378346,-4.32290983,53.27944946,714680570.913521,181067.411923059
594,W07000042,Delyn,318273,370838,-3.22570992,53.22827911,282257568.470641,108672.905739481
595,W07000043,Alyn and Deeside,330102,362484,-3.04672003,53.15488815,152990418.999797,76991.0132247587
597,W07000045,Llanelli,249768,205472,-4.17667007,51.72777939,235513683.935011,91383.3042264719
598,W07000046,Gower,256421,192102,-4.07490015,51.60939026,298645665.793175,128703.945473565
599,W07000047,Swansea West,262790,193117,-3.98338008,51.62009811,34252100.2409517,28696.2384339065
600,W07000048,Swansea East,267106,196223,-3.92226005,51.64905167,48604384.0809696,34074.3585618162
601,W07000049,Aberavon,281996,189115,-3.70475006,51.58848953,181239427.129929,89898.2184027004
602,W07000050,Cardiff Central,319313,179182,-3.16394997,51.50577927,15577903.4196058,17696.5712838684
603,W07000051,Cardiff North,316056,181631,-3.2114501,51.52732086,43656190.6367448,32970.3455234753
604,W07000052,Rhondda,296949,196169,-3.49106002,51.65483093,100759691.238529,44867.6796528935
605,W07000053,Torfaen,327169,200182,-3.05515003,51.69564056,117981306.154161,69312.3533176574
606,W07000054,Monmouth,337812,209231,-2.90280008,51.77827072,833825589.971809,180754.392250311
607,W07000055,Newport East,338924,188370,-2.88302994,51.59085083,123864691.560236,60970.7635104567
608,W07000056,Newport West,328762,186182,-3.02924991,51.56998825,97551521.8588659,63648.0257266124
609,W07000057,Arfon,256909,361593,-4.14025021,53.13225174,408128954.102292,104897.118421454
610,W07000058,Aberconwy,276098,360888,-3.8533299,53.13071823,609625767.587348,140802.222691877
626,W07000074,Ogmore,291741,187410,-3.56361008,51.57513046,202915692.135678,70057.2478499358
611,W07000059,Clwyd West,297156,361691,-3.53898001,53.14242172,925038690.103692,190119.535858163
612,W07000060,Vale of Clwyd,306235,374013,-3.40691996,53.25482178,215479545.916461,95304.0372467992
613,W07000061,Dwyfor Meirionnydd,273979,326158,-3.87144995,52.81819916,2145084214.25045,374253.644776151
614,W07000062,Clwyd South,327082,342911,-3.08743,52.97856903,627090122.714191,166782.72796855
615,W07000063,Montgomeryshire,301718,304472,-3.45350003,52.62908936,2185405001.77079,280349.471635769
616,W07000064,Ceredigion,267126,268437,-3.94993997,52.29795074,1783274302.88307,255837.987663434
627,W07000075,Pontypridd,307034,185796,-3.34257007,51.56335068,104583862.28716,58997.1478903904
628,W07000076,Caerphilly,316860,188276,-3.2014401,51.58718109,115015651.199622,59226.3990396642
629,W07000077,Islwyn,320517,196276,-3.15048003,51.65961838,113273772.093141,56241.2959604173
630,W07000078,Vale of Glamorgan,302293,173083,-3.40741992,51.44826889,315163520.24587,82755.2051894826
617,W07000065,Preseli Pembrokeshire,193261,226426,-5.00630999,51.89794159,1176245296.71211,270604.855669705
618,W07000066,Carmarthen West and South Pembrokeshire,216128,213332,-4.66739988,51.78834915,1032097180.7452,228439.327996042
619,W07000067,Carmarthen East and Dinefwr,262869,228244,-3.99612999,51.9357605,1560742041.75655,247247.300967722
620,W07000068,Brecon and Radnorshire,305328,248413,-3.38434005,52.12588882,3011680597.50042,306887.505417183
621,W07000069,Neath,280613,203826,-3.72972989,51.72040939,264051239.459298,82347.63427534
622,W07000070,Cynon Valley,297160,203213,-3.49008989,51.71818161,181041429.882969,76178.6644786843
623,W07000071,Merthyr Tydfil and Rhymney,307976,203618,-3.33367991,51.72370148,162939345.146858,64031.2565613384
624,W07000072,Blaenau Gwent,318236,206771,-3.18592,51.75363922,109263433.438705,58169.7930524609
625,W07000073,Bridgend,287202,179713,-3.62662005,51.50505066,83968154.2791485,47695.850646076
632,W07000080,Cardiff South and Penarth,317979,171824,-3.1814599,51.43944931,48530719.8081221,48907.5300211741
